"paID","waterBuffer","landQualityMin","qualitySurface","kernelScale","metricVariant","nonProtectedPenalty","factorOrder","nameEco","paPriority","paArea","priority","scnID"
4354,0,0,"Kennedy",2,"exponential",1,1,"AtlanticMaritime",1,1036471105.72366,1,1
4354,0,100,"Kennedy",2,"exponential",1,3,"AtlanticMaritime",1,1036471105.72366,1,2
4354,0,0,"Venter",2,"exponential",1,5,"AtlanticMaritime",1,1036471105.72366,1,3
4354,0,100,"Venter",2,"exponential",1,7,"AtlanticMaritime",1,1036471105.72366,1,4
4354,0,0,"Kennedy",5,"exponential",1,9,"AtlanticMaritime",1,1036471105.72366,1,5
4354,0,100,"Kennedy",5,"exponential",1,11,"AtlanticMaritime",1,1036471105.72366,1,6
4354,0,0,"Venter",5,"exponential",1,13,"AtlanticMaritime",1,1036471105.72366,1,7
4354,0,100,"Venter",5,"exponential",1,15,"AtlanticMaritime",1,1036471105.72366,1,8
4354,0,0,"Kennedy",20,"exponential",1,25,"AtlanticMaritime",1,1036471105.72366,1,9
4354,0,100,"Kennedy",20,"exponential",1,27,"AtlanticMaritime",1,1036471105.72366,1,10
4354,0,0,"Venter",20,"exponential",1,29,"AtlanticMaritime",1,1036471105.72366,1,11
4354,0,100,"Venter",20,"exponential",1,31,"AtlanticMaritime",1,1036471105.72366,1,12
4354,0,0,"Kennedy",2,"uniform",1,41,"AtlanticMaritime",1,1036471105.72366,1,13
4354,0,100,"Kennedy",2,"uniform",1,43,"AtlanticMaritime",1,1036471105.72366,1,14
4354,0,0,"Venter",2,"uniform",1,45,"AtlanticMaritime",1,1036471105.72366,1,15
4354,0,100,"Venter",2,"uniform",1,47,"AtlanticMaritime",1,1036471105.72366,1,16
4354,0,0,"Kennedy",5,"uniform",1,49,"AtlanticMaritime",1,1036471105.72366,1,17
4354,0,100,"Kennedy",5,"uniform",1,51,"AtlanticMaritime",1,1036471105.72366,1,18
4354,0,0,"Venter",5,"uniform",1,53,"AtlanticMaritime",1,1036471105.72366,1,19
4354,0,100,"Venter",5,"uniform",1,55,"AtlanticMaritime",1,1036471105.72366,1,20
4354,0,0,"Kennedy",20,"uniform",1,65,"AtlanticMaritime",1,1036471105.72366,1,21
4354,0,100,"Kennedy",20,"uniform",1,67,"AtlanticMaritime",1,1036471105.72366,1,22
4354,0,0,"Venter",20,"uniform",1,69,"AtlanticMaritime",1,1036471105.72366,1,23
4354,0,100,"Venter",20,"uniform",1,71,"AtlanticMaritime",1,1036471105.72366,1,24
4354,0,0,"Kennedy",2,"samcM2",1,81,"AtlanticMaritime",1,1036471105.72366,1,25
4354,0,100,"Kennedy",2,"samcM2",1,83,"AtlanticMaritime",1,1036471105.72366,1,26
4354,0,0,"Venter",2,"samcM2",1,85,"AtlanticMaritime",1,1036471105.72366,1,27
4354,0,100,"Venter",2,"samcM2",1,87,"AtlanticMaritime",1,1036471105.72366,1,28
4354,0,0,"Kennedy",5,"samcM2",1,89,"AtlanticMaritime",1,1036471105.72366,1,29
4354,0,100,"Kennedy",5,"samcM2",1,91,"AtlanticMaritime",1,1036471105.72366,1,30
4354,0,0,"Venter",5,"samcM2",1,93,"AtlanticMaritime",1,1036471105.72366,1,31
4354,0,100,"Venter",5,"samcM2",1,95,"AtlanticMaritime",1,1036471105.72366,1,32
4354,0,0,"Kennedy",20,"samcM2",1,105,"AtlanticMaritime",1,1036471105.72366,1,33
4354,0,100,"Kennedy",20,"samcM2",1,107,"AtlanticMaritime",1,1036471105.72366,1,34
4354,0,0,"Venter",20,"samcM2",1,109,"AtlanticMaritime",1,1036471105.72366,1,35
4354,0,100,"Venter",20,"samcM2",1,111,"AtlanticMaritime",1,1036471105.72366,1,36
4354,0,0,"Kennedy",2,"samcM20",1,121,"AtlanticMaritime",1,1036471105.72366,1,37
4354,0,100,"Kennedy",2,"samcM20",1,123,"AtlanticMaritime",1,1036471105.72366,1,38
4354,0,0,"Venter",2,"samcM20",1,125,"AtlanticMaritime",1,1036471105.72366,1,39
4354,0,100,"Venter",2,"samcM20",1,127,"AtlanticMaritime",1,1036471105.72366,1,40
4354,0,0,"Kennedy",5,"samcM20",1,129,"AtlanticMaritime",1,1036471105.72366,1,41
4354,0,100,"Kennedy",5,"samcM20",1,131,"AtlanticMaritime",1,1036471105.72366,1,42
4354,0,0,"Venter",5,"samcM20",1,133,"AtlanticMaritime",1,1036471105.72366,1,43
4354,0,100,"Venter",5,"samcM20",1,135,"AtlanticMaritime",1,1036471105.72366,1,44
4354,0,0,"Kennedy",20,"samcM20",1,145,"AtlanticMaritime",1,1036471105.72366,1,45
4354,0,100,"Kennedy",20,"samcM20",1,147,"AtlanticMaritime",1,1036471105.72366,1,46
4354,0,0,"Venter",20,"samcM20",1,149,"AtlanticMaritime",1,1036471105.72366,1,47
4354,0,100,"Venter",20,"samcM20",1,151,"AtlanticMaritime",1,1036471105.72366,1,48
4354,0,0,"Kennedy",2,"samcB2",1,161,"AtlanticMaritime",1,1036471105.72366,1,49
4354,0,100,"Kennedy",2,"samcB2",1,163,"AtlanticMaritime",1,1036471105.72366,1,50
4354,0,0,"Venter",2,"samcB2",1,165,"AtlanticMaritime",1,1036471105.72366,1,51
4354,0,100,"Venter",2,"samcB2",1,167,"AtlanticMaritime",1,1036471105.72366,1,52
4354,0,0,"Kennedy",5,"samcB2",1,169,"AtlanticMaritime",1,1036471105.72366,1,53
4354,0,100,"Kennedy",5,"samcB2",1,171,"AtlanticMaritime",1,1036471105.72366,1,54
4354,0,0,"Venter",5,"samcB2",1,173,"AtlanticMaritime",1,1036471105.72366,1,55
4354,0,100,"Venter",5,"samcB2",1,175,"AtlanticMaritime",1,1036471105.72366,1,56
4354,0,0,"Kennedy",20,"samcB2",1,185,"AtlanticMaritime",1,1036471105.72366,1,57
4354,0,100,"Kennedy",20,"samcB2",1,187,"AtlanticMaritime",1,1036471105.72366,1,58
4354,0,0,"Venter",20,"samcB2",1,189,"AtlanticMaritime",1,1036471105.72366,1,59
4354,0,100,"Venter",20,"samcB2",1,191,"AtlanticMaritime",1,1036471105.72366,1,60
4354,0,0,"Kennedy",2,"samcB20",1,201,"AtlanticMaritime",1,1036471105.72366,1,61
4354,0,100,"Kennedy",2,"samcB20",1,203,"AtlanticMaritime",1,1036471105.72366,1,62
4354,0,0,"Venter",2,"samcB20",1,205,"AtlanticMaritime",1,1036471105.72366,1,63
4354,0,100,"Venter",2,"samcB20",1,207,"AtlanticMaritime",1,1036471105.72366,1,64
4354,0,0,"Kennedy",5,"samcB20",1,209,"AtlanticMaritime",1,1036471105.72366,1,65
4354,0,100,"Kennedy",5,"samcB20",1,211,"AtlanticMaritime",1,1036471105.72366,1,66
4354,0,0,"Venter",5,"samcB20",1,213,"AtlanticMaritime",1,1036471105.72366,1,67
4354,0,100,"Venter",5,"samcB20",1,215,"AtlanticMaritime",1,1036471105.72366,1,68
4354,0,0,"Kennedy",20,"samcB20",1,225,"AtlanticMaritime",1,1036471105.72366,1,69
4354,0,100,"Kennedy",20,"samcB20",1,227,"AtlanticMaritime",1,1036471105.72366,1,70
4354,0,0,"Venter",20,"samcB20",1,229,"AtlanticMaritime",1,1036471105.72366,1,71
4354,0,100,"Venter",20,"samcB20",1,231,"AtlanticMaritime",1,1036471105.72366,1,72
4354,0,0,"Kennedy",2,"exponential",0.5,321,"AtlanticMaritime",1,1036471105.72366,1,73
4354,0,0,"Venter",2,"exponential",0.5,325,"AtlanticMaritime",1,1036471105.72366,1,74
4354,0,0,"Kennedy",5,"exponential",0.5,329,"AtlanticMaritime",1,1036471105.72366,1,75
4354,0,0,"Venter",5,"exponential",0.5,333,"AtlanticMaritime",1,1036471105.72366,1,76
4354,0,0,"Kennedy",20,"exponential",0.5,345,"AtlanticMaritime",1,1036471105.72366,1,77
4354,0,0,"Venter",20,"exponential",0.5,349,"AtlanticMaritime",1,1036471105.72366,1,78
4354,0,0,"Kennedy",2,"uniform",0.5,361,"AtlanticMaritime",1,1036471105.72366,1,79
4354,0,0,"Venter",2,"uniform",0.5,365,"AtlanticMaritime",1,1036471105.72366,1,80
4354,0,0,"Kennedy",5,"uniform",0.5,369,"AtlanticMaritime",1,1036471105.72366,1,81
4354,0,0,"Venter",5,"uniform",0.5,373,"AtlanticMaritime",1,1036471105.72366,1,82
4354,0,0,"Kennedy",20,"uniform",0.5,385,"AtlanticMaritime",1,1036471105.72366,1,83
4354,0,0,"Venter",20,"uniform",0.5,389,"AtlanticMaritime",1,1036471105.72366,1,84
4354,0,0,"Kennedy",2,"samcM2",0.5,401,"AtlanticMaritime",1,1036471105.72366,1,85
4354,0,0,"Venter",2,"samcM2",0.5,405,"AtlanticMaritime",1,1036471105.72366,1,86
4354,0,0,"Kennedy",5,"samcM2",0.5,409,"AtlanticMaritime",1,1036471105.72366,1,87
4354,0,0,"Venter",5,"samcM2",0.5,413,"AtlanticMaritime",1,1036471105.72366,1,88
4354,0,0,"Kennedy",20,"samcM2",0.5,425,"AtlanticMaritime",1,1036471105.72366,1,89
4354,0,0,"Venter",20,"samcM2",0.5,429,"AtlanticMaritime",1,1036471105.72366,1,90
4354,0,0,"Kennedy",2,"samcM20",0.5,441,"AtlanticMaritime",1,1036471105.72366,1,91
4354,0,0,"Venter",2,"samcM20",0.5,445,"AtlanticMaritime",1,1036471105.72366,1,92
4354,0,0,"Kennedy",5,"samcM20",0.5,449,"AtlanticMaritime",1,1036471105.72366,1,93
4354,0,0,"Venter",5,"samcM20",0.5,453,"AtlanticMaritime",1,1036471105.72366,1,94
4354,0,0,"Kennedy",20,"samcM20",0.5,465,"AtlanticMaritime",1,1036471105.72366,1,95
4354,0,0,"Venter",20,"samcM20",0.5,469,"AtlanticMaritime",1,1036471105.72366,1,96
4354,0,0,"Kennedy",2,"samcB2",0.5,481,"AtlanticMaritime",1,1036471105.72366,1,97
4354,0,0,"Venter",2,"samcB2",0.5,485,"AtlanticMaritime",1,1036471105.72366,1,98
4354,0,0,"Kennedy",5,"samcB2",0.5,489,"AtlanticMaritime",1,1036471105.72366,1,99
4354,0,0,"Venter",5,"samcB2",0.5,493,"AtlanticMaritime",1,1036471105.72366,1,100
4354,0,0,"Kennedy",20,"samcB2",0.5,505,"AtlanticMaritime",1,1036471105.72366,1,101
4354,0,0,"Venter",20,"samcB2",0.5,509,"AtlanticMaritime",1,1036471105.72366,1,102
4354,0,0,"Kennedy",2,"samcB20",0.5,521,"AtlanticMaritime",1,1036471105.72366,1,103
4354,0,0,"Venter",2,"samcB20",0.5,525,"AtlanticMaritime",1,1036471105.72366,1,104
4354,0,0,"Kennedy",5,"samcB20",0.5,529,"AtlanticMaritime",1,1036471105.72366,1,105
4354,0,0,"Venter",5,"samcB20",0.5,533,"AtlanticMaritime",1,1036471105.72366,1,106
4354,0,0,"Kennedy",20,"samcB20",0.5,545,"AtlanticMaritime",1,1036471105.72366,1,107
4354,0,0,"Venter",20,"samcB20",0.5,549,"AtlanticMaritime",1,1036471105.72366,1,108
4354,1,0,"Kennedy",2,"exponential",1,2,"AtlanticMaritime",1,1036471105.72366,2,109
4354,1,100,"Kennedy",2,"exponential",1,4,"AtlanticMaritime",1,1036471105.72366,2,110
4354,1,0,"Venter",2,"exponential",1,6,"AtlanticMaritime",1,1036471105.72366,2,111
4354,1,100,"Venter",2,"exponential",1,8,"AtlanticMaritime",1,1036471105.72366,2,112
4354,1,0,"Kennedy",5,"exponential",1,10,"AtlanticMaritime",1,1036471105.72366,2,113
4354,1,100,"Kennedy",5,"exponential",1,12,"AtlanticMaritime",1,1036471105.72366,2,114
4354,1,0,"Venter",5,"exponential",1,14,"AtlanticMaritime",1,1036471105.72366,2,115
4354,1,100,"Venter",5,"exponential",1,16,"AtlanticMaritime",1,1036471105.72366,2,116
4354,1,0,"Kennedy",20,"exponential",1,26,"AtlanticMaritime",1,1036471105.72366,2,117
4354,1,100,"Kennedy",20,"exponential",1,28,"AtlanticMaritime",1,1036471105.72366,2,118
4354,1,0,"Venter",20,"exponential",1,30,"AtlanticMaritime",1,1036471105.72366,2,119
4354,1,100,"Venter",20,"exponential",1,32,"AtlanticMaritime",1,1036471105.72366,2,120
4354,1,0,"Kennedy",2,"uniform",1,42,"AtlanticMaritime",1,1036471105.72366,2,121
4354,1,100,"Kennedy",2,"uniform",1,44,"AtlanticMaritime",1,1036471105.72366,2,122
4354,1,0,"Venter",2,"uniform",1,46,"AtlanticMaritime",1,1036471105.72366,2,123
4354,1,100,"Venter",2,"uniform",1,48,"AtlanticMaritime",1,1036471105.72366,2,124
4354,1,0,"Kennedy",5,"uniform",1,50,"AtlanticMaritime",1,1036471105.72366,2,125
4354,1,100,"Kennedy",5,"uniform",1,52,"AtlanticMaritime",1,1036471105.72366,2,126
4354,1,0,"Venter",5,"uniform",1,54,"AtlanticMaritime",1,1036471105.72366,2,127
4354,1,100,"Venter",5,"uniform",1,56,"AtlanticMaritime",1,1036471105.72366,2,128
4354,1,0,"Kennedy",20,"uniform",1,66,"AtlanticMaritime",1,1036471105.72366,2,129
4354,1,100,"Kennedy",20,"uniform",1,68,"AtlanticMaritime",1,1036471105.72366,2,130
4354,1,0,"Venter",20,"uniform",1,70,"AtlanticMaritime",1,1036471105.72366,2,131
4354,1,100,"Venter",20,"uniform",1,72,"AtlanticMaritime",1,1036471105.72366,2,132
4354,1,0,"Kennedy",2,"samcM2",1,82,"AtlanticMaritime",1,1036471105.72366,2,133
4354,1,100,"Kennedy",2,"samcM2",1,84,"AtlanticMaritime",1,1036471105.72366,2,134
4354,1,0,"Venter",2,"samcM2",1,86,"AtlanticMaritime",1,1036471105.72366,2,135
4354,1,100,"Venter",2,"samcM2",1,88,"AtlanticMaritime",1,1036471105.72366,2,136
4354,1,0,"Kennedy",5,"samcM2",1,90,"AtlanticMaritime",1,1036471105.72366,2,137
4354,1,100,"Kennedy",5,"samcM2",1,92,"AtlanticMaritime",1,1036471105.72366,2,138
4354,1,0,"Venter",5,"samcM2",1,94,"AtlanticMaritime",1,1036471105.72366,2,139
4354,1,100,"Venter",5,"samcM2",1,96,"AtlanticMaritime",1,1036471105.72366,2,140
4354,1,0,"Kennedy",20,"samcM2",1,106,"AtlanticMaritime",1,1036471105.72366,2,141
4354,1,100,"Kennedy",20,"samcM2",1,108,"AtlanticMaritime",1,1036471105.72366,2,142
4354,1,0,"Venter",20,"samcM2",1,110,"AtlanticMaritime",1,1036471105.72366,2,143
4354,1,100,"Venter",20,"samcM2",1,112,"AtlanticMaritime",1,1036471105.72366,2,144
4354,1,0,"Kennedy",2,"samcM20",1,122,"AtlanticMaritime",1,1036471105.72366,2,145
4354,1,100,"Kennedy",2,"samcM20",1,124,"AtlanticMaritime",1,1036471105.72366,2,146
4354,1,0,"Venter",2,"samcM20",1,126,"AtlanticMaritime",1,1036471105.72366,2,147
4354,1,100,"Venter",2,"samcM20",1,128,"AtlanticMaritime",1,1036471105.72366,2,148
4354,1,0,"Kennedy",5,"samcM20",1,130,"AtlanticMaritime",1,1036471105.72366,2,149
4354,1,100,"Kennedy",5,"samcM20",1,132,"AtlanticMaritime",1,1036471105.72366,2,150
4354,1,0,"Venter",5,"samcM20",1,134,"AtlanticMaritime",1,1036471105.72366,2,151
4354,1,100,"Venter",5,"samcM20",1,136,"AtlanticMaritime",1,1036471105.72366,2,152
4354,1,0,"Kennedy",20,"samcM20",1,146,"AtlanticMaritime",1,1036471105.72366,2,153
4354,1,100,"Kennedy",20,"samcM20",1,148,"AtlanticMaritime",1,1036471105.72366,2,154
4354,1,0,"Venter",20,"samcM20",1,150,"AtlanticMaritime",1,1036471105.72366,2,155
4354,1,100,"Venter",20,"samcM20",1,152,"AtlanticMaritime",1,1036471105.72366,2,156
4354,1,0,"Kennedy",2,"samcB2",1,162,"AtlanticMaritime",1,1036471105.72366,2,157
4354,1,100,"Kennedy",2,"samcB2",1,164,"AtlanticMaritime",1,1036471105.72366,2,158
4354,1,0,"Venter",2,"samcB2",1,166,"AtlanticMaritime",1,1036471105.72366,2,159
4354,1,100,"Venter",2,"samcB2",1,168,"AtlanticMaritime",1,1036471105.72366,2,160
4354,1,0,"Kennedy",5,"samcB2",1,170,"AtlanticMaritime",1,1036471105.72366,2,161
4354,1,100,"Kennedy",5,"samcB2",1,172,"AtlanticMaritime",1,1036471105.72366,2,162
4354,1,0,"Venter",5,"samcB2",1,174,"AtlanticMaritime",1,1036471105.72366,2,163
4354,1,100,"Venter",5,"samcB2",1,176,"AtlanticMaritime",1,1036471105.72366,2,164
4354,1,0,"Kennedy",20,"samcB2",1,186,"AtlanticMaritime",1,1036471105.72366,2,165
4354,1,100,"Kennedy",20,"samcB2",1,188,"AtlanticMaritime",1,1036471105.72366,2,166
4354,1,0,"Venter",20,"samcB2",1,190,"AtlanticMaritime",1,1036471105.72366,2,167
4354,1,100,"Venter",20,"samcB2",1,192,"AtlanticMaritime",1,1036471105.72366,2,168
4354,1,0,"Kennedy",2,"samcB20",1,202,"AtlanticMaritime",1,1036471105.72366,2,169
4354,1,100,"Kennedy",2,"samcB20",1,204,"AtlanticMaritime",1,1036471105.72366,2,170
4354,1,0,"Venter",2,"samcB20",1,206,"AtlanticMaritime",1,1036471105.72366,2,171
4354,1,100,"Venter",2,"samcB20",1,208,"AtlanticMaritime",1,1036471105.72366,2,172
4354,1,0,"Kennedy",5,"samcB20",1,210,"AtlanticMaritime",1,1036471105.72366,2,173
4354,1,100,"Kennedy",5,"samcB20",1,212,"AtlanticMaritime",1,1036471105.72366,2,174
4354,1,0,"Venter",5,"samcB20",1,214,"AtlanticMaritime",1,1036471105.72366,2,175
4354,1,100,"Venter",5,"samcB20",1,216,"AtlanticMaritime",1,1036471105.72366,2,176
4354,1,0,"Kennedy",20,"samcB20",1,226,"AtlanticMaritime",1,1036471105.72366,2,177
4354,1,100,"Kennedy",20,"samcB20",1,228,"AtlanticMaritime",1,1036471105.72366,2,178
4354,1,0,"Venter",20,"samcB20",1,230,"AtlanticMaritime",1,1036471105.72366,2,179
4354,1,100,"Venter",20,"samcB20",1,232,"AtlanticMaritime",1,1036471105.72366,2,180
4354,1,0,"Kennedy",2,"exponential",0.5,322,"AtlanticMaritime",1,1036471105.72366,2,181
4354,1,0,"Venter",2,"exponential",0.5,326,"AtlanticMaritime",1,1036471105.72366,2,182
4354,1,0,"Kennedy",5,"exponential",0.5,330,"AtlanticMaritime",1,1036471105.72366,2,183
4354,1,0,"Venter",5,"exponential",0.5,334,"AtlanticMaritime",1,1036471105.72366,2,184
4354,1,0,"Kennedy",20,"exponential",0.5,346,"AtlanticMaritime",1,1036471105.72366,2,185
4354,1,0,"Venter",20,"exponential",0.5,350,"AtlanticMaritime",1,1036471105.72366,2,186
4354,1,0,"Kennedy",2,"uniform",0.5,362,"AtlanticMaritime",1,1036471105.72366,2,187
4354,1,0,"Venter",2,"uniform",0.5,366,"AtlanticMaritime",1,1036471105.72366,2,188
4354,1,0,"Kennedy",5,"uniform",0.5,370,"AtlanticMaritime",1,1036471105.72366,2,189
4354,1,0,"Venter",5,"uniform",0.5,374,"AtlanticMaritime",1,1036471105.72366,2,190
4354,1,0,"Kennedy",20,"uniform",0.5,386,"AtlanticMaritime",1,1036471105.72366,2,191
4354,1,0,"Venter",20,"uniform",0.5,390,"AtlanticMaritime",1,1036471105.72366,2,192
4354,1,0,"Kennedy",2,"samcM2",0.5,402,"AtlanticMaritime",1,1036471105.72366,2,193
4354,1,0,"Venter",2,"samcM2",0.5,406,"AtlanticMaritime",1,1036471105.72366,2,194
4354,1,0,"Kennedy",5,"samcM2",0.5,410,"AtlanticMaritime",1,1036471105.72366,2,195
4354,1,0,"Venter",5,"samcM2",0.5,414,"AtlanticMaritime",1,1036471105.72366,2,196
4354,1,0,"Kennedy",20,"samcM2",0.5,426,"AtlanticMaritime",1,1036471105.72366,2,197
4354,1,0,"Venter",20,"samcM2",0.5,430,"AtlanticMaritime",1,1036471105.72366,2,198
4354,1,0,"Kennedy",2,"samcM20",0.5,442,"AtlanticMaritime",1,1036471105.72366,2,199
4354,1,0,"Venter",2,"samcM20",0.5,446,"AtlanticMaritime",1,1036471105.72366,2,200
4354,1,0,"Kennedy",5,"samcM20",0.5,450,"AtlanticMaritime",1,1036471105.72366,2,201
4354,1,0,"Venter",5,"samcM20",0.5,454,"AtlanticMaritime",1,1036471105.72366,2,202
4354,1,0,"Kennedy",20,"samcM20",0.5,466,"AtlanticMaritime",1,1036471105.72366,2,203
4354,1,0,"Venter",20,"samcM20",0.5,470,"AtlanticMaritime",1,1036471105.72366,2,204
4354,1,0,"Kennedy",2,"samcB2",0.5,482,"AtlanticMaritime",1,1036471105.72366,2,205
4354,1,0,"Venter",2,"samcB2",0.5,486,"AtlanticMaritime",1,1036471105.72366,2,206
4354,1,0,"Kennedy",5,"samcB2",0.5,490,"AtlanticMaritime",1,1036471105.72366,2,207
4354,1,0,"Venter",5,"samcB2",0.5,494,"AtlanticMaritime",1,1036471105.72366,2,208
4354,1,0,"Kennedy",20,"samcB2",0.5,506,"AtlanticMaritime",1,1036471105.72366,2,209
4354,1,0,"Venter",20,"samcB2",0.5,510,"AtlanticMaritime",1,1036471105.72366,2,210
4354,1,0,"Kennedy",2,"samcB20",0.5,522,"AtlanticMaritime",1,1036471105.72366,2,211
4354,1,0,"Venter",2,"samcB20",0.5,526,"AtlanticMaritime",1,1036471105.72366,2,212
4354,1,0,"Kennedy",5,"samcB20",0.5,530,"AtlanticMaritime",1,1036471105.72366,2,213
4354,1,0,"Venter",5,"samcB20",0.5,534,"AtlanticMaritime",1,1036471105.72366,2,214
4354,1,0,"Kennedy",20,"samcB20",0.5,546,"AtlanticMaritime",1,1036471105.72366,2,215
4354,1,0,"Venter",20,"samcB20",0.5,550,"AtlanticMaritime",1,1036471105.72366,2,216
4354,0,0,"Kennedy",10,"exponential",1,17,"AtlanticMaritime",1,1036471105.72366,3,217
4354,1,0,"Kennedy",10,"exponential",1,18,"AtlanticMaritime",1,1036471105.72366,3,218
4354,0,100,"Kennedy",10,"exponential",1,19,"AtlanticMaritime",1,1036471105.72366,3,219
4354,1,100,"Kennedy",10,"exponential",1,20,"AtlanticMaritime",1,1036471105.72366,3,220
4354,0,0,"Venter",10,"exponential",1,21,"AtlanticMaritime",1,1036471105.72366,3,221
4354,1,0,"Venter",10,"exponential",1,22,"AtlanticMaritime",1,1036471105.72366,3,222
4354,0,100,"Venter",10,"exponential",1,23,"AtlanticMaritime",1,1036471105.72366,3,223
4354,1,100,"Venter",10,"exponential",1,24,"AtlanticMaritime",1,1036471105.72366,3,224
4354,0,0,"Kennedy",40,"exponential",1,33,"AtlanticMaritime",1,1036471105.72366,3,225
4354,1,0,"Kennedy",40,"exponential",1,34,"AtlanticMaritime",1,1036471105.72366,3,226
4354,0,100,"Kennedy",40,"exponential",1,35,"AtlanticMaritime",1,1036471105.72366,3,227
4354,1,100,"Kennedy",40,"exponential",1,36,"AtlanticMaritime",1,1036471105.72366,3,228
4354,0,0,"Venter",40,"exponential",1,37,"AtlanticMaritime",1,1036471105.72366,3,229
4354,1,0,"Venter",40,"exponential",1,38,"AtlanticMaritime",1,1036471105.72366,3,230
4354,0,100,"Venter",40,"exponential",1,39,"AtlanticMaritime",1,1036471105.72366,3,231
4354,1,100,"Venter",40,"exponential",1,40,"AtlanticMaritime",1,1036471105.72366,3,232
4354,0,0,"Kennedy",10,"uniform",1,57,"AtlanticMaritime",1,1036471105.72366,3,233
4354,1,0,"Kennedy",10,"uniform",1,58,"AtlanticMaritime",1,1036471105.72366,3,234
4354,0,100,"Kennedy",10,"uniform",1,59,"AtlanticMaritime",1,1036471105.72366,3,235
4354,1,100,"Kennedy",10,"uniform",1,60,"AtlanticMaritime",1,1036471105.72366,3,236
4354,0,0,"Venter",10,"uniform",1,61,"AtlanticMaritime",1,1036471105.72366,3,237
4354,1,0,"Venter",10,"uniform",1,62,"AtlanticMaritime",1,1036471105.72366,3,238
4354,0,100,"Venter",10,"uniform",1,63,"AtlanticMaritime",1,1036471105.72366,3,239
4354,1,100,"Venter",10,"uniform",1,64,"AtlanticMaritime",1,1036471105.72366,3,240
4354,0,0,"Kennedy",40,"uniform",1,73,"AtlanticMaritime",1,1036471105.72366,3,241
4354,1,0,"Kennedy",40,"uniform",1,74,"AtlanticMaritime",1,1036471105.72366,3,242
4354,0,100,"Kennedy",40,"uniform",1,75,"AtlanticMaritime",1,1036471105.72366,3,243
4354,1,100,"Kennedy",40,"uniform",1,76,"AtlanticMaritime",1,1036471105.72366,3,244
4354,0,0,"Venter",40,"uniform",1,77,"AtlanticMaritime",1,1036471105.72366,3,245
4354,1,0,"Venter",40,"uniform",1,78,"AtlanticMaritime",1,1036471105.72366,3,246
4354,0,100,"Venter",40,"uniform",1,79,"AtlanticMaritime",1,1036471105.72366,3,247
4354,1,100,"Venter",40,"uniform",1,80,"AtlanticMaritime",1,1036471105.72366,3,248
4354,0,0,"Kennedy",10,"samcM2",1,97,"AtlanticMaritime",1,1036471105.72366,3,249
4354,1,0,"Kennedy",10,"samcM2",1,98,"AtlanticMaritime",1,1036471105.72366,3,250
4354,0,100,"Kennedy",10,"samcM2",1,99,"AtlanticMaritime",1,1036471105.72366,3,251
4354,1,100,"Kennedy",10,"samcM2",1,100,"AtlanticMaritime",1,1036471105.72366,3,252
4354,0,0,"Venter",10,"samcM2",1,101,"AtlanticMaritime",1,1036471105.72366,3,253
4354,1,0,"Venter",10,"samcM2",1,102,"AtlanticMaritime",1,1036471105.72366,3,254
4354,0,100,"Venter",10,"samcM2",1,103,"AtlanticMaritime",1,1036471105.72366,3,255
4354,1,100,"Venter",10,"samcM2",1,104,"AtlanticMaritime",1,1036471105.72366,3,256
4354,0,0,"Kennedy",40,"samcM2",1,113,"AtlanticMaritime",1,1036471105.72366,3,257
4354,1,0,"Kennedy",40,"samcM2",1,114,"AtlanticMaritime",1,1036471105.72366,3,258
4354,0,100,"Kennedy",40,"samcM2",1,115,"AtlanticMaritime",1,1036471105.72366,3,259
4354,1,100,"Kennedy",40,"samcM2",1,116,"AtlanticMaritime",1,1036471105.72366,3,260
4354,0,0,"Venter",40,"samcM2",1,117,"AtlanticMaritime",1,1036471105.72366,3,261
4354,1,0,"Venter",40,"samcM2",1,118,"AtlanticMaritime",1,1036471105.72366,3,262
4354,0,100,"Venter",40,"samcM2",1,119,"AtlanticMaritime",1,1036471105.72366,3,263
4354,1,100,"Venter",40,"samcM2",1,120,"AtlanticMaritime",1,1036471105.72366,3,264
4354,0,0,"Kennedy",10,"samcM20",1,137,"AtlanticMaritime",1,1036471105.72366,3,265
4354,1,0,"Kennedy",10,"samcM20",1,138,"AtlanticMaritime",1,1036471105.72366,3,266
4354,0,100,"Kennedy",10,"samcM20",1,139,"AtlanticMaritime",1,1036471105.72366,3,267
4354,1,100,"Kennedy",10,"samcM20",1,140,"AtlanticMaritime",1,1036471105.72366,3,268
4354,0,0,"Venter",10,"samcM20",1,141,"AtlanticMaritime",1,1036471105.72366,3,269
4354,1,0,"Venter",10,"samcM20",1,142,"AtlanticMaritime",1,1036471105.72366,3,270
4354,0,100,"Venter",10,"samcM20",1,143,"AtlanticMaritime",1,1036471105.72366,3,271
4354,1,100,"Venter",10,"samcM20",1,144,"AtlanticMaritime",1,1036471105.72366,3,272
4354,0,0,"Kennedy",40,"samcM20",1,153,"AtlanticMaritime",1,1036471105.72366,3,273
4354,1,0,"Kennedy",40,"samcM20",1,154,"AtlanticMaritime",1,1036471105.72366,3,274
4354,0,100,"Kennedy",40,"samcM20",1,155,"AtlanticMaritime",1,1036471105.72366,3,275
4354,1,100,"Kennedy",40,"samcM20",1,156,"AtlanticMaritime",1,1036471105.72366,3,276
4354,0,0,"Venter",40,"samcM20",1,157,"AtlanticMaritime",1,1036471105.72366,3,277
4354,1,0,"Venter",40,"samcM20",1,158,"AtlanticMaritime",1,1036471105.72366,3,278
4354,0,100,"Venter",40,"samcM20",1,159,"AtlanticMaritime",1,1036471105.72366,3,279
4354,1,100,"Venter",40,"samcM20",1,160,"AtlanticMaritime",1,1036471105.72366,3,280
4354,0,0,"Kennedy",10,"samcB2",1,177,"AtlanticMaritime",1,1036471105.72366,3,281
4354,1,0,"Kennedy",10,"samcB2",1,178,"AtlanticMaritime",1,1036471105.72366,3,282
4354,0,100,"Kennedy",10,"samcB2",1,179,"AtlanticMaritime",1,1036471105.72366,3,283
4354,1,100,"Kennedy",10,"samcB2",1,180,"AtlanticMaritime",1,1036471105.72366,3,284
4354,0,0,"Venter",10,"samcB2",1,181,"AtlanticMaritime",1,1036471105.72366,3,285
4354,1,0,"Venter",10,"samcB2",1,182,"AtlanticMaritime",1,1036471105.72366,3,286
4354,0,100,"Venter",10,"samcB2",1,183,"AtlanticMaritime",1,1036471105.72366,3,287
4354,1,100,"Venter",10,"samcB2",1,184,"AtlanticMaritime",1,1036471105.72366,3,288
4354,0,0,"Kennedy",40,"samcB2",1,193,"AtlanticMaritime",1,1036471105.72366,3,289
4354,1,0,"Kennedy",40,"samcB2",1,194,"AtlanticMaritime",1,1036471105.72366,3,290
4354,0,100,"Kennedy",40,"samcB2",1,195,"AtlanticMaritime",1,1036471105.72366,3,291
4354,1,100,"Kennedy",40,"samcB2",1,196,"AtlanticMaritime",1,1036471105.72366,3,292
4354,0,0,"Venter",40,"samcB2",1,197,"AtlanticMaritime",1,1036471105.72366,3,293
4354,1,0,"Venter",40,"samcB2",1,198,"AtlanticMaritime",1,1036471105.72366,3,294
4354,0,100,"Venter",40,"samcB2",1,199,"AtlanticMaritime",1,1036471105.72366,3,295
4354,1,100,"Venter",40,"samcB2",1,200,"AtlanticMaritime",1,1036471105.72366,3,296
4354,0,0,"Kennedy",10,"samcB20",1,217,"AtlanticMaritime",1,1036471105.72366,3,297
4354,1,0,"Kennedy",10,"samcB20",1,218,"AtlanticMaritime",1,1036471105.72366,3,298
4354,0,100,"Kennedy",10,"samcB20",1,219,"AtlanticMaritime",1,1036471105.72366,3,299
4354,1,100,"Kennedy",10,"samcB20",1,220,"AtlanticMaritime",1,1036471105.72366,3,300
4354,0,0,"Venter",10,"samcB20",1,221,"AtlanticMaritime",1,1036471105.72366,3,301
4354,1,0,"Venter",10,"samcB20",1,222,"AtlanticMaritime",1,1036471105.72366,3,302
4354,0,100,"Venter",10,"samcB20",1,223,"AtlanticMaritime",1,1036471105.72366,3,303
4354,1,100,"Venter",10,"samcB20",1,224,"AtlanticMaritime",1,1036471105.72366,3,304
4354,0,0,"Kennedy",40,"samcB20",1,233,"AtlanticMaritime",1,1036471105.72366,3,305
4354,1,0,"Kennedy",40,"samcB20",1,234,"AtlanticMaritime",1,1036471105.72366,3,306
4354,0,100,"Kennedy",40,"samcB20",1,235,"AtlanticMaritime",1,1036471105.72366,3,307
4354,1,100,"Kennedy",40,"samcB20",1,236,"AtlanticMaritime",1,1036471105.72366,3,308
4354,0,0,"Venter",40,"samcB20",1,237,"AtlanticMaritime",1,1036471105.72366,3,309
4354,1,0,"Venter",40,"samcB20",1,238,"AtlanticMaritime",1,1036471105.72366,3,310
4354,0,100,"Venter",40,"samcB20",1,239,"AtlanticMaritime",1,1036471105.72366,3,311
4354,1,100,"Venter",40,"samcB20",1,240,"AtlanticMaritime",1,1036471105.72366,3,312
4354,0,0,"Kennedy",10,"exponential",0.5,337,"AtlanticMaritime",1,1036471105.72366,3,313
4354,1,0,"Kennedy",10,"exponential",0.5,338,"AtlanticMaritime",1,1036471105.72366,3,314
4354,0,0,"Venter",10,"exponential",0.5,341,"AtlanticMaritime",1,1036471105.72366,3,315
4354,1,0,"Venter",10,"exponential",0.5,342,"AtlanticMaritime",1,1036471105.72366,3,316
4354,0,0,"Kennedy",40,"exponential",0.5,353,"AtlanticMaritime",1,1036471105.72366,3,317
4354,1,0,"Kennedy",40,"exponential",0.5,354,"AtlanticMaritime",1,1036471105.72366,3,318
4354,0,0,"Venter",40,"exponential",0.5,357,"AtlanticMaritime",1,1036471105.72366,3,319
4354,1,0,"Venter",40,"exponential",0.5,358,"AtlanticMaritime",1,1036471105.72366,3,320
4354,0,0,"Kennedy",10,"uniform",0.5,377,"AtlanticMaritime",1,1036471105.72366,3,321
4354,1,0,"Kennedy",10,"uniform",0.5,378,"AtlanticMaritime",1,1036471105.72366,3,322
4354,0,0,"Venter",10,"uniform",0.5,381,"AtlanticMaritime",1,1036471105.72366,3,323
4354,1,0,"Venter",10,"uniform",0.5,382,"AtlanticMaritime",1,1036471105.72366,3,324
4354,0,0,"Kennedy",40,"uniform",0.5,393,"AtlanticMaritime",1,1036471105.72366,3,325
4354,1,0,"Kennedy",40,"uniform",0.5,394,"AtlanticMaritime",1,1036471105.72366,3,326
4354,0,0,"Venter",40,"uniform",0.5,397,"AtlanticMaritime",1,1036471105.72366,3,327
4354,1,0,"Venter",40,"uniform",0.5,398,"AtlanticMaritime",1,1036471105.72366,3,328
4354,0,0,"Kennedy",10,"samcM2",0.5,417,"AtlanticMaritime",1,1036471105.72366,3,329
4354,1,0,"Kennedy",10,"samcM2",0.5,418,"AtlanticMaritime",1,1036471105.72366,3,330
4354,0,0,"Venter",10,"samcM2",0.5,421,"AtlanticMaritime",1,1036471105.72366,3,331
4354,1,0,"Venter",10,"samcM2",0.5,422,"AtlanticMaritime",1,1036471105.72366,3,332
4354,0,0,"Kennedy",40,"samcM2",0.5,433,"AtlanticMaritime",1,1036471105.72366,3,333
4354,1,0,"Kennedy",40,"samcM2",0.5,434,"AtlanticMaritime",1,1036471105.72366,3,334
4354,0,0,"Venter",40,"samcM2",0.5,437,"AtlanticMaritime",1,1036471105.72366,3,335
4354,1,0,"Venter",40,"samcM2",0.5,438,"AtlanticMaritime",1,1036471105.72366,3,336
4354,0,0,"Kennedy",10,"samcM20",0.5,457,"AtlanticMaritime",1,1036471105.72366,3,337
4354,1,0,"Kennedy",10,"samcM20",0.5,458,"AtlanticMaritime",1,1036471105.72366,3,338
4354,0,0,"Venter",10,"samcM20",0.5,461,"AtlanticMaritime",1,1036471105.72366,3,339
4354,1,0,"Venter",10,"samcM20",0.5,462,"AtlanticMaritime",1,1036471105.72366,3,340
4354,0,0,"Kennedy",40,"samcM20",0.5,473,"AtlanticMaritime",1,1036471105.72366,3,341
4354,1,0,"Kennedy",40,"samcM20",0.5,474,"AtlanticMaritime",1,1036471105.72366,3,342
4354,0,0,"Venter",40,"samcM20",0.5,477,"AtlanticMaritime",1,1036471105.72366,3,343
4354,1,0,"Venter",40,"samcM20",0.5,478,"AtlanticMaritime",1,1036471105.72366,3,344
4354,0,0,"Kennedy",10,"samcB2",0.5,497,"AtlanticMaritime",1,1036471105.72366,3,345
4354,1,0,"Kennedy",10,"samcB2",0.5,498,"AtlanticMaritime",1,1036471105.72366,3,346
4354,0,0,"Venter",10,"samcB2",0.5,501,"AtlanticMaritime",1,1036471105.72366,3,347
4354,1,0,"Venter",10,"samcB2",0.5,502,"AtlanticMaritime",1,1036471105.72366,3,348
4354,0,0,"Kennedy",40,"samcB2",0.5,513,"AtlanticMaritime",1,1036471105.72366,3,349
4354,1,0,"Kennedy",40,"samcB2",0.5,514,"AtlanticMaritime",1,1036471105.72366,3,350
4354,0,0,"Venter",40,"samcB2",0.5,517,"AtlanticMaritime",1,1036471105.72366,3,351
4354,1,0,"Venter",40,"samcB2",0.5,518,"AtlanticMaritime",1,1036471105.72366,3,352
4354,0,0,"Kennedy",10,"samcB20",0.5,537,"AtlanticMaritime",1,1036471105.72366,3,353
4354,1,0,"Kennedy",10,"samcB20",0.5,538,"AtlanticMaritime",1,1036471105.72366,3,354
4354,0,0,"Venter",10,"samcB20",0.5,541,"AtlanticMaritime",1,1036471105.72366,3,355
4354,1,0,"Venter",10,"samcB20",0.5,542,"AtlanticMaritime",1,1036471105.72366,3,356
4354,0,0,"Kennedy",40,"samcB20",0.5,553,"AtlanticMaritime",1,1036471105.72366,3,357
4354,1,0,"Kennedy",40,"samcB20",0.5,554,"AtlanticMaritime",1,1036471105.72366,3,358
4354,0,0,"Venter",40,"samcB20",0.5,557,"AtlanticMaritime",1,1036471105.72366,3,359
4354,1,0,"Venter",40,"samcB20",0.5,558,"AtlanticMaritime",1,1036471105.72366,3,360
4354,0,0,"Kennedy",2,"parc2",1,241,"AtlanticMaritime",1,1036471105.72366,10,361
4354,0,100,"Kennedy",2,"parc2",1,243,"AtlanticMaritime",1,1036471105.72366,10,362
4354,0,0,"Venter",2,"parc2",1,245,"AtlanticMaritime",1,1036471105.72366,10,363
4354,0,100,"Venter",2,"parc2",1,247,"AtlanticMaritime",1,1036471105.72366,10,364
4354,0,0,"Kennedy",5,"parc2",1,249,"AtlanticMaritime",1,1036471105.72366,10,365
4354,0,100,"Kennedy",5,"parc2",1,251,"AtlanticMaritime",1,1036471105.72366,10,366
4354,0,0,"Venter",5,"parc2",1,253,"AtlanticMaritime",1,1036471105.72366,10,367
4354,0,100,"Venter",5,"parc2",1,255,"AtlanticMaritime",1,1036471105.72366,10,368
4354,0,0,"Kennedy",20,"parc2",1,265,"AtlanticMaritime",1,1036471105.72366,10,369
4354,0,100,"Kennedy",20,"parc2",1,267,"AtlanticMaritime",1,1036471105.72366,10,370
4354,0,0,"Venter",20,"parc2",1,269,"AtlanticMaritime",1,1036471105.72366,10,371
4354,0,100,"Venter",20,"parc2",1,271,"AtlanticMaritime",1,1036471105.72366,10,372
4354,0,0,"Kennedy",2,"parc20",1,281,"AtlanticMaritime",1,1036471105.72366,10,373
4354,0,100,"Kennedy",2,"parc20",1,283,"AtlanticMaritime",1,1036471105.72366,10,374
4354,0,0,"Venter",2,"parc20",1,285,"AtlanticMaritime",1,1036471105.72366,10,375
4354,0,100,"Venter",2,"parc20",1,287,"AtlanticMaritime",1,1036471105.72366,10,376
4354,0,0,"Kennedy",5,"parc20",1,289,"AtlanticMaritime",1,1036471105.72366,10,377
4354,0,100,"Kennedy",5,"parc20",1,291,"AtlanticMaritime",1,1036471105.72366,10,378
4354,0,0,"Venter",5,"parc20",1,293,"AtlanticMaritime",1,1036471105.72366,10,379
4354,0,100,"Venter",5,"parc20",1,295,"AtlanticMaritime",1,1036471105.72366,10,380
4354,0,0,"Kennedy",20,"parc20",1,305,"AtlanticMaritime",1,1036471105.72366,10,381
4354,0,100,"Kennedy",20,"parc20",1,307,"AtlanticMaritime",1,1036471105.72366,10,382
4354,0,0,"Venter",20,"parc20",1,309,"AtlanticMaritime",1,1036471105.72366,10,383
4354,0,100,"Venter",20,"parc20",1,311,"AtlanticMaritime",1,1036471105.72366,10,384
4354,0,0,"Kennedy",2,"parc2",0.5,561,"AtlanticMaritime",1,1036471105.72366,10,385
4354,0,0,"Venter",2,"parc2",0.5,565,"AtlanticMaritime",1,1036471105.72366,10,386
4354,0,0,"Kennedy",5,"parc2",0.5,569,"AtlanticMaritime",1,1036471105.72366,10,387
4354,0,0,"Venter",5,"parc2",0.5,573,"AtlanticMaritime",1,1036471105.72366,10,388
4354,0,0,"Kennedy",20,"parc2",0.5,585,"AtlanticMaritime",1,1036471105.72366,10,389
4354,0,0,"Venter",20,"parc2",0.5,589,"AtlanticMaritime",1,1036471105.72366,10,390
4354,0,0,"Kennedy",2,"parc20",0.5,601,"AtlanticMaritime",1,1036471105.72366,10,391
4354,0,0,"Venter",2,"parc20",0.5,605,"AtlanticMaritime",1,1036471105.72366,10,392
4354,0,0,"Kennedy",5,"parc20",0.5,609,"AtlanticMaritime",1,1036471105.72366,10,393
4354,0,0,"Venter",5,"parc20",0.5,613,"AtlanticMaritime",1,1036471105.72366,10,394
4354,0,0,"Kennedy",20,"parc20",0.5,625,"AtlanticMaritime",1,1036471105.72366,10,395
4354,0,0,"Venter",20,"parc20",0.5,629,"AtlanticMaritime",1,1036471105.72366,10,396
4354,1,0,"Kennedy",2,"parc2",1,242,"AtlanticMaritime",1,1036471105.72366,11,397
4354,1,100,"Kennedy",2,"parc2",1,244,"AtlanticMaritime",1,1036471105.72366,11,398
4354,1,0,"Venter",2,"parc2",1,246,"AtlanticMaritime",1,1036471105.72366,11,399
4354,1,100,"Venter",2,"parc2",1,248,"AtlanticMaritime",1,1036471105.72366,11,400
4354,1,0,"Kennedy",5,"parc2",1,250,"AtlanticMaritime",1,1036471105.72366,11,401
4354,1,100,"Kennedy",5,"parc2",1,252,"AtlanticMaritime",1,1036471105.72366,11,402
4354,1,0,"Venter",5,"parc2",1,254,"AtlanticMaritime",1,1036471105.72366,11,403
4354,1,100,"Venter",5,"parc2",1,256,"AtlanticMaritime",1,1036471105.72366,11,404
4354,1,0,"Kennedy",20,"parc2",1,266,"AtlanticMaritime",1,1036471105.72366,11,405
4354,1,100,"Kennedy",20,"parc2",1,268,"AtlanticMaritime",1,1036471105.72366,11,406
4354,1,0,"Venter",20,"parc2",1,270,"AtlanticMaritime",1,1036471105.72366,11,407
4354,1,100,"Venter",20,"parc2",1,272,"AtlanticMaritime",1,1036471105.72366,11,408
4354,1,0,"Kennedy",2,"parc20",1,282,"AtlanticMaritime",1,1036471105.72366,11,409
4354,1,100,"Kennedy",2,"parc20",1,284,"AtlanticMaritime",1,1036471105.72366,11,410
4354,1,0,"Venter",2,"parc20",1,286,"AtlanticMaritime",1,1036471105.72366,11,411
4354,1,100,"Venter",2,"parc20",1,288,"AtlanticMaritime",1,1036471105.72366,11,412
4354,1,0,"Kennedy",5,"parc20",1,290,"AtlanticMaritime",1,1036471105.72366,11,413
4354,1,100,"Kennedy",5,"parc20",1,292,"AtlanticMaritime",1,1036471105.72366,11,414
4354,1,0,"Venter",5,"parc20",1,294,"AtlanticMaritime",1,1036471105.72366,11,415
4354,1,100,"Venter",5,"parc20",1,296,"AtlanticMaritime",1,1036471105.72366,11,416
4354,1,0,"Kennedy",20,"parc20",1,306,"AtlanticMaritime",1,1036471105.72366,11,417
4354,1,100,"Kennedy",20,"parc20",1,308,"AtlanticMaritime",1,1036471105.72366,11,418
4354,1,0,"Venter",20,"parc20",1,310,"AtlanticMaritime",1,1036471105.72366,11,419
4354,1,100,"Venter",20,"parc20",1,312,"AtlanticMaritime",1,1036471105.72366,11,420
4354,1,0,"Kennedy",2,"parc2",0.5,562,"AtlanticMaritime",1,1036471105.72366,11,421
4354,1,0,"Venter",2,"parc2",0.5,566,"AtlanticMaritime",1,1036471105.72366,11,422
4354,1,0,"Kennedy",5,"parc2",0.5,570,"AtlanticMaritime",1,1036471105.72366,11,423
4354,1,0,"Venter",5,"parc2",0.5,574,"AtlanticMaritime",1,1036471105.72366,11,424
4354,1,0,"Kennedy",20,"parc2",0.5,586,"AtlanticMaritime",1,1036471105.72366,11,425
4354,1,0,"Venter",20,"parc2",0.5,590,"AtlanticMaritime",1,1036471105.72366,11,426
4354,1,0,"Kennedy",2,"parc20",0.5,602,"AtlanticMaritime",1,1036471105.72366,11,427
4354,1,0,"Venter",2,"parc20",0.5,606,"AtlanticMaritime",1,1036471105.72366,11,428
4354,1,0,"Kennedy",5,"parc20",0.5,610,"AtlanticMaritime",1,1036471105.72366,11,429
4354,1,0,"Venter",5,"parc20",0.5,614,"AtlanticMaritime",1,1036471105.72366,11,430
4354,1,0,"Kennedy",20,"parc20",0.5,626,"AtlanticMaritime",1,1036471105.72366,11,431
4354,1,0,"Venter",20,"parc20",0.5,630,"AtlanticMaritime",1,1036471105.72366,11,432
4354,0,0,"Kennedy",10,"parc2",1,257,"AtlanticMaritime",1,1036471105.72366,12,433
4354,1,0,"Kennedy",10,"parc2",1,258,"AtlanticMaritime",1,1036471105.72366,12,434
4354,0,100,"Kennedy",10,"parc2",1,259,"AtlanticMaritime",1,1036471105.72366,12,435
4354,1,100,"Kennedy",10,"parc2",1,260,"AtlanticMaritime",1,1036471105.72366,12,436
4354,0,0,"Venter",10,"parc2",1,261,"AtlanticMaritime",1,1036471105.72366,12,437
4354,1,0,"Venter",10,"parc2",1,262,"AtlanticMaritime",1,1036471105.72366,12,438
4354,0,100,"Venter",10,"parc2",1,263,"AtlanticMaritime",1,1036471105.72366,12,439
4354,1,100,"Venter",10,"parc2",1,264,"AtlanticMaritime",1,1036471105.72366,12,440
4354,0,0,"Kennedy",40,"parc2",1,273,"AtlanticMaritime",1,1036471105.72366,12,441
4354,1,0,"Kennedy",40,"parc2",1,274,"AtlanticMaritime",1,1036471105.72366,12,442
4354,0,100,"Kennedy",40,"parc2",1,275,"AtlanticMaritime",1,1036471105.72366,12,443
4354,1,100,"Kennedy",40,"parc2",1,276,"AtlanticMaritime",1,1036471105.72366,12,444
4354,0,0,"Venter",40,"parc2",1,277,"AtlanticMaritime",1,1036471105.72366,12,445
4354,1,0,"Venter",40,"parc2",1,278,"AtlanticMaritime",1,1036471105.72366,12,446
4354,0,100,"Venter",40,"parc2",1,279,"AtlanticMaritime",1,1036471105.72366,12,447
4354,1,100,"Venter",40,"parc2",1,280,"AtlanticMaritime",1,1036471105.72366,12,448
4354,0,0,"Kennedy",10,"parc20",1,297,"AtlanticMaritime",1,1036471105.72366,12,449
4354,1,0,"Kennedy",10,"parc20",1,298,"AtlanticMaritime",1,1036471105.72366,12,450
4354,0,100,"Kennedy",10,"parc20",1,299,"AtlanticMaritime",1,1036471105.72366,12,451
4354,1,100,"Kennedy",10,"parc20",1,300,"AtlanticMaritime",1,1036471105.72366,12,452
4354,0,0,"Venter",10,"parc20",1,301,"AtlanticMaritime",1,1036471105.72366,12,453
4354,1,0,"Venter",10,"parc20",1,302,"AtlanticMaritime",1,1036471105.72366,12,454
4354,0,100,"Venter",10,"parc20",1,303,"AtlanticMaritime",1,1036471105.72366,12,455
4354,1,100,"Venter",10,"parc20",1,304,"AtlanticMaritime",1,1036471105.72366,12,456
4354,0,0,"Kennedy",40,"parc20",1,313,"AtlanticMaritime",1,1036471105.72366,12,457
4354,1,0,"Kennedy",40,"parc20",1,314,"AtlanticMaritime",1,1036471105.72366,12,458
4354,0,100,"Kennedy",40,"parc20",1,315,"AtlanticMaritime",1,1036471105.72366,12,459
4354,1,100,"Kennedy",40,"parc20",1,316,"AtlanticMaritime",1,1036471105.72366,12,460
4354,0,0,"Venter",40,"parc20",1,317,"AtlanticMaritime",1,1036471105.72366,12,461
4354,1,0,"Venter",40,"parc20",1,318,"AtlanticMaritime",1,1036471105.72366,12,462
4354,0,100,"Venter",40,"parc20",1,319,"AtlanticMaritime",1,1036471105.72366,12,463
4354,1,100,"Venter",40,"parc20",1,320,"AtlanticMaritime",1,1036471105.72366,12,464
4354,0,0,"Kennedy",10,"parc2",0.5,577,"AtlanticMaritime",1,1036471105.72366,12,465
4354,1,0,"Kennedy",10,"parc2",0.5,578,"AtlanticMaritime",1,1036471105.72366,12,466
4354,0,0,"Venter",10,"parc2",0.5,581,"AtlanticMaritime",1,1036471105.72366,12,467
4354,1,0,"Venter",10,"parc2",0.5,582,"AtlanticMaritime",1,1036471105.72366,12,468
4354,0,0,"Kennedy",40,"parc2",0.5,593,"AtlanticMaritime",1,1036471105.72366,12,469
4354,1,0,"Kennedy",40,"parc2",0.5,594,"AtlanticMaritime",1,1036471105.72366,12,470
4354,0,0,"Venter",40,"parc2",0.5,597,"AtlanticMaritime",1,1036471105.72366,12,471
4354,1,0,"Venter",40,"parc2",0.5,598,"AtlanticMaritime",1,1036471105.72366,12,472
4354,0,0,"Kennedy",10,"parc20",0.5,617,"AtlanticMaritime",1,1036471105.72366,12,473
4354,1,0,"Kennedy",10,"parc20",0.5,618,"AtlanticMaritime",1,1036471105.72366,12,474
4354,0,0,"Venter",10,"parc20",0.5,621,"AtlanticMaritime",1,1036471105.72366,12,475
4354,1,0,"Venter",10,"parc20",0.5,622,"AtlanticMaritime",1,1036471105.72366,12,476
4354,0,0,"Kennedy",40,"parc20",0.5,633,"AtlanticMaritime",1,1036471105.72366,12,477
4354,1,0,"Kennedy",40,"parc20",0.5,634,"AtlanticMaritime",1,1036471105.72366,12,478
4354,0,0,"Venter",40,"parc20",0.5,637,"AtlanticMaritime",1,1036471105.72366,12,479
4354,1,0,"Venter",40,"parc20",0.5,638,"AtlanticMaritime",1,1036471105.72366,12,480
